B0,,,,,,,,,,,,,,,,,,,,,,B0
B0,,,,,,,,,,,,,,,,,,,,,,B0
B0,,,,,,,,,,,,,,,,,,,,,,B0
B0,,,,,,,,,,B0,B0,B0,B0,,,,,,,,,B0
B0,,,,,,,,,,,,,,,,,,,,,,B0
B0,,,,,,,,,,,,,,,,,,,,,,B0
B0,,,,,,,,,,,,,,,,,E4,,,,,B0
B0,,,,,,,,,,,,,,,B0,B0,B0,B0,,,,B0
B0,,,,,,,,,,,,,,,,,,,,,,B0
B0,,,,,,,,,,,,,,,,,,,,,,B0
B0,,,,,,,,,,,,G10,,,,,,,,,,B0
B0,,,,,,,,,G9,,,,,,,,,,,,,B0
B0,,,,,,,,,,,,,,,,,,,,,,B0
B0,,,,,,,,,,,,,,,,,,,,,,B0
B0,,,,,,,,,,,,,,,,,,,,,,B0
B0,,,,B0,B0,B0,B0,,,,,,,,,,,,,,,B0
B0,,,,,,,,,,,,,,,,,,,,,,B0
B0,,,,,,,,,,,,,,,,,,,,,,B0
B0,,,,,,,,,,,,,,,,,,,,,,B0
B0,,,,,,,,B0,B0,B0,,,,,,,,,,,,B0
B0,,,,,,,,,,,,,,,,,,,,,,B0
B0,,,,,,,,,,,,,,,,,,,,,,B0
B0,,,,,,,,,,,,,,,,,,,,,,B0
B0,,,,,,,,,,,,,,B0,B0,B0,B0,,,,,B0
B0,,,,,,,,,,,,,,,,,,,,,,B0
B0,,,,,,,,,,,,,,,,,,,,,,B0
B0,,,,,,,,,,,,,,,,,,,,,,B0
B0,,,,,,,,,,G9,,,,,,,,,,,,B0
B0,,,,,,,,,,,,,,,,,,,,,,B0
B0,,,,,,,,,,,,,,,,,,,,,,B0
B0,,,,,,,,,,,,,,,,,,,,,,B0
B0,,,B0,B0,B0,B0,,,,,,,,,,,,,,,,B0
B0,,,,,,,,,,,,,,,,,,,,,,B0
B0,,,,,,,,,,,,,,,,,,,,,,B0
B0,,,,,,,,,,,,C1,,,,,,,,,,B0
B0,,,,,,,,,,,,,,,,,,,,,,B0
B0,,,,,,,,,,,,,,,,,,,,,,B0
B0,,,,,,,,B0,B0,B0,,,,,,,,,,,,B0
B0,,,,,,,,,,,,,,,,,,,,,,B0
B0,,,,,,,,,,,,,G3,,,,,,,,,B0
B0,,,,,,,,,,,,,,,,,,,,,,B0
B0,,,,,,,,,,,,,,,,,,,,,,B0
B0,,,,,,,,,,,,,,,,,,,,,,B0
B0,,,,,,,,,,,,,,,B0,B0,B0,B0,,,,B0
B0,,,,,,,,,,,,,,,,,,,,,,B0
B0,,,,,,,,,,,,,,,,,,,,,,B0
B0,,,,,,,,,,,,,,,,,,,,,,B0
B0,,,,,,,,,,,G9,,,,,,,,,,,B0
B0,,,,,,,E4,,,,,,,,,,,,,,,B0
B0,,,,,,,,,,,,,,,,,,,,,,B0
B0,,,,,,,,,,,,,,,,,,,,,,B0
B0,,,,,B0,B0,B0,B0,,,,,,,,,,,,,,B0
B0,,,,,,,,,,,,,,,,,,,,,,B0
B0,,,,,,,,,,,,,,,,,,,,,,B0
B0,,,,,,,,,,,,,,,,,,,,,,B0
B0,,,,,,,,,,,,B0,B0,B0,B0,,,,,,,B0
B0,,,,,,,,,,,,,,,,,,,,,,B0
B0,,,,,,,,,,,G3,,,,,,,,,,,B0
B0,,,,,,,,,,,,,,,,,,,,,,B0
B0,,,,,,,,,,,,,,,,,,,,,,B0
B0,,,,,,,,,G3,,,,,,,,,,,,,B0
B0,,,,,,,,,,,,,,,,,,,,,,B0
B0,,,,,,,,,,,,,,,,,,,,,,B0
B0,,,,,,,,,,,,,,,,,,,,,,B0
B0,,,B0,B0,B0,B0,,,,,,,,,,,,,,,,B0
B0,,,,,,,,,,,,,,,,,,,,,,B0
B0,,,,,,,,,,,,,,,,,,,,,,B0
B0,,,,,,,,,,,,C0,,,,,,,,,,B0
B0,,,,,,,,,,,,,,,,,,,,,,B0
B0,,,,,,,,,,,,,,,,,,,,,,B0
B0,,,,,,,,,,,,,,,,,,,,,,B0
B0,,,,,,,,,,,,,,,,,,,,,,B0
B0,,,,,,,,,,,,,,,B0,B0,B0,B0,,,,B0
B0,,,,,,,,,,,,,,,,,,,,,,B0
B0,,,,,,,,,,,,,E4,,,,,,,,,B0
B0,,,,,,,,,,,,,,,,,,,,,,B0
B0,,,,,,,,,,B0,B0,B0,B0,,,,,,,,,B0
B0,,,,,,,,,,,,,,,,,,,,,,B0
B0,,,,,,,,,,,,,,,,,,,,,,B0
B0,,,,,,,,,,,,,,,,,,,,,,B0
B0,,,,G9,,,,,,,,,,,,,,,,,,B0
B0,,,,,,,,,,,,,,,,,,,,,,B0
B0,,,,,,,,,,,,,,,,,,,,,,B0
B0,,,,,,,,,,,,,,,,,,,,,,B0
B0,,,,,,,,B0,B0,B0,,,,,,,,,,,,B0
B0,,,,,,,,,,,,,,,,,,,,,,B0
B0,,,,,,,,,,,,,,,,,,,,,,B0
B0,,,,,,,,,,,,,,B0,B0,B0,B0,,,,,B0
B0,,,,,,,,,,,,,,,,,,,,,,B0
B0,,,,,,,,,,,,,,,,,,,,,,B0
B0,,,,,,,,,,,,,,,,,,,,,,B0
B0,,,,,,,,,,G9,,,,,,,,,,,,B0
B0,,,,,,,,,,,,,,,,,,,,,,B0
B0,,,,,,,,,,,,,,,,,,,,,,B0
B0,,,,,,,,,,,,,,,,,,,,,,B0
B0,,B0,B0,B0,B0,B0,,,,,,,,,,,,,,,,B0
B0,,,,,,,,,,,,,,,,,,,,,,B0
B0,,,,,,,,,,,,,,,,,,,,,,B0
B0,,,,P0,,,,,,,,,,,,,,,,,,B0
B0,B0,B0,B0,B0,B0,B0,B0,B0,B0,B0,B0,B0,B0,B0,B0,B0,B0,B0,B0,B0,B0,B0
